{
  "step_qonnx_to_finn": 8.153915405273438e-05,
  "step_tidy_up": 0.047002553939819336,
  "step_streamline": 1.269704818725586,
  "step_convert_to_hw": 0.00837397575378418,
  "step_create_dataflow_partition": 0.004290103912353516,
  "step_specialize_layers": 0.003966331481933594,
  "step_target_fps_parallelization": 0.01006770133972168,
  "step_apply_folding_config": 4.0531158447265625e-06,
  "step_minimize_bit_width": 0.013880491256713867,
  "step_generate_estimate_reports": 4.0531158447265625e-06,
  "step_hw_codegen": 1.2940442562103271,
  "step_hw_ipgen": 171.75310921669006,
  "step_set_fifo_depths": 109.49509263038635,
  "step_create_stitched_ip": 97.52872014045715,
  "step_measure_rtlsim_performance": 10.418480634689331,
  "step_out_of_context_synthesis": 443.65129494667053,
  "step_synthesize_bitfile": 5.4836273193359375e-06,
  "step_make_pynq_driver": 4.5299530029296875e-06,
  "step_deployment_package": 9.775161743164062e-06
}